{
  "version": 2,
  "location": "gen:tier1",
  "traits": {},
  "properties": {
    "rotationState": "ALL",
    "showInJei": true,
    "isOpaque": true,
    "hasCollision": true,
    "destroyTime": 1.5,
    "explosionResistance": 10.0,
    "harvestLevel": 1,
    "stackSize": 64,
    "tabGroup": "multiblocked"
  },
  "status": {
    "unformed": {
      "renderer": {
        "state": {
          "id": "minecraft:crafting_table",
          "meta": 0
        },
        "type": "blockstate"
      }
    },
    "idle": {
      "parent": "unformed"
    },
    "working": {
      "parent": "idle"
    },
    "suspend": {
      "parent": "working"
    }
  },
  "recipeMap": "d4e18517-1de5-49a7-9a22-0f60b0ed0143",
  "basePattern": {
    "structureDir": [
      "RIGHT",
      "UP",
      "FRONT"
    ],
    "pattern": [
      [
        "A",
        "A"
      ],
      [
        "B",
        "@"
      ]
    ],
    "aisleRepetitions": [
      [
        1,
        1
      ],
      [
        1,
        1
      ]
    ],
    "predicates": {
      "A": {
        "states": [
          {
            "id": "gregtech:metal_casing",
            "meta": 4
          }
        ],
        "type": "states"
      },
      "controller": {
        "location": "gen:tier1",
        "type": "component"
      },
      "B": {
        "states": [
          {
            "id": "multiblocked:item_output",
            "meta": 0
          }
        ],
        "type": "states"
      },
      "air": {
        "type": "air"
      },
      "any": {
        "type": "any"
      }
    },
    "symbolMap": {
      "@": [
        "controller"
      ],
      " ": [
        "any"
      ],
      "A": [
        "A"
      ],
      "B": [
        "B"
      ],
      "-": [
        "air"
      ]
    }
  }
}