{
  "name": "d4e18517-1de5-49a7-9a22-0f60b0ed0143",
  "progressTexture": "multiblocked:textures/gui/progress_bar_arrow.png",
  "fuelTexture": "multiblocked:textures/gui/progress_bar_fuel.png",
  "recipes": [
    {
      "uid": "0f7403c1-b648-436f-8bf9-91404d5cc5e8",
      "duration": 100,
      "inputs": {
        "item": [
          {
            "chance": 1.0,
            "content": {
              "amount": 1,
              "matches": []
            }
          }
        ]
      },
      "outputs": {
        "item": [
          {
            "chance": 1.0,
            "content": {
              "amount": 1,
              "matches": [
                "{id:\"minecraft:iron_ingot\",Count:1b,Damage:0s}"
              ]
            }
          }
        ]
      }
    }
  ]
}