{
  "weight": 30,
  "density": 0.25,
  "min_height": 5,
  "max_height": 30,
  "vein_populator": {
    "type": "surface_rock",
    "material": "beryllium"
  },
  "dimension_filter": [
    "is_nether"
  ],
  "generator": {
    "type": "layered",
    "radius": [
      14,
      16
    ]
  },
  "filler": {
    "type": "layered",
    "values": [
      {
        "primary": "ore:beryllium"
      },
      {
        "secondary": "ore:beryllium"
      },
      {
        "between": "ore:emerald"
      },
      {
        "sporadic": "ore:thorium"
      }
    ]
  }
}
