{
  "weight": 30,
  "density": 0.15,
  "min_height": 10,
  "max_height": 90,
  "vein_populator": {
    "type": "surface_rock",
    "material": "naquadah"
  },
  "dimension_filter": [
    "name:the_end"
  ],
  "generator": {
    "type": "layered",
    "radius": [
      20,
      32
    ]
  },
  "filler": {
    "type": "layered",
    "values": [
      {
        "primary": "ore:naquadah"
      },
      {
        "secondary": "ore:naquadah"
      },
      {
        "between": "ore:naquadah"
      },
      {
        "sporadic": "ore:plutonium"
      }
    ]
  }
}
