{
  "weight": 80,
  "density": 0.2,
  "max_height": 60,
  "min_height": 5,
  "vein_populator": {
    "type": "surface_rock",
    "material": "copper"
  },
  "generator": {
    "type": "layered",
    "radius": [
      17,
      24
    ]
  },
  "filler": {
    "type": "layered",
    "values": [
      {
        "primary": "ore:chalcopyrite"
      },
      {
        "secondary": "ore:iron"
      },
      {
        "between": "ore:pyrite"
      },
      {
        "sporadic": "ore:copper"
      }
    ]
  }
}
