{
  "weight": 80,
  "density": 0.2,
  "max_height": 60,
  "min_height": 50,
  "vein_populator": {
    "type": "surface_rock",
    "material": "asbestos"
  },
  "generator": {
    "type": "layered",
    "radius": [
      17,
      24
    ]
  },
  "filler": {
    "type": "layered",
    "values": [
      {
        "primary": "ore:cassiterite_sand"
      },
      {
        "secondary": "ore:garnet_sand"
      },
      {
        "between": "ore:asbestos"
      },
      {
        "sporadic": "ore:diatomite"
      }
    ]
  }
}
