{
  "weight": 40,
  "density": 0.25,
  "max_height": 50,
  "min_height": 20,
  "vein_populator": {
    "type": "surface_rock",
    "material": "soapstone"
  },
  "generator": {
    "type": "layered",
    "radius": [
      14,
      16
    ]
  },
  "filler": {
    "type": "layered",
    "values": [
      {
        "primary": "ore:soapstone"
      },
      {
        "secondary": "ore:talc"
      },
      {
        "between": "ore:glauconite_sand"
      },
      {
        "sporadic": "ore:pentlandite"
      }
    ]
  }
}
