{
  "weight": 20,
  "density": 0.25,
  "max_height": 40,
  "min_height": 10,
  "vein_populator": {
    "type": "surface_rock",
    "material": "olivine"
  },
  "generator": {
    "type": "layered",
    "radius": [
      14,
      16
    ]
  },
  "filler": {
    "type": "layered",
    "values": [
      {
        "primary": "ore:bentonite"
      },
      {
        "secondary": "ore:magnesite"
      },
      {
        "between": "ore:olivine"
      },
      {
        "sporadic": "ore:glauconite_sand"
      }
    ]
  }
}
